辨識碼,卦序,卦名,組成,卦名白話翻譯,卦名解釋,卦辭,卦辭白話解釋,建議,運勢,愛情,考試,求職
111111,1,乾,天,剛健穩固。,表示極陽之象，為純卦、六沖卦，是大好、大壞的卦象。對事一般為吉象，為主管、負責任，可以任用擔當大事，或開業當老闆，得此卦都屬吉象，只是必須有一個好的助理更佳，能升官、考試、升遷都較有利。,乾，元亨利貞。,匯聚了良好條件（大亨通），宜於堅定守正。,得此卦者在能力上並不是問題，最大的問題在於「時機」與自己的應變力。建議凡事不要過於固執，最好要能見機行事，隨機應變，做事要有彈性。,有地位擢升、名利雙收之象，功名榮顯得貴子。六親和睦，凡事謙和為貴，可吉。,彼此之間切勿逞強，摒除自我主義的觀念方可成就，但常有鬧意見之情況。,有望。,有貴人提拔，可發展，稱心。
222222,2,坤,地,在母胎裡孕育中。,表大地為母，天生之母性也。六沖純卦。主大好大壞之卦象。優點為如母親般地柔順、犧牲、付出，有事事和順之意。缺點為過於委缺求全，沒有了自己的想法和觀念。此卦論感情，有前世因緣的影響，自己就有如母親大姊般地照顧對方，無怨無悔，會很辛苦、多勞累。事業，適合當任副手之職位，忌任主事者，容易軟弱難成事。,坤，元亨，利牝馬之貞。君子有攸往，先迷，後得主利。西南得朋，東北喪朋，安貞吉。,坤，匯聚了許多良好條件（大亨通），宜於效法母馬的堅定美德。君子要遠行，求快而走在前頭則會迷路，若跟隨於人後則可以因此得到主人指引之利。往西南方會得到錢財或志同道合的朋友，往東北則會遺失錢財或失去朋友，安定則吉。,謙卑退讓者有福，過於積極主動者反而一無所成。對於立定志向想做的事，應該要持之以恒，堅持到底，則可成功，操之過急，易致失敗。利於追隨於人，不適於自己獨當一面。,諸事不宜急進，退守以靜制動者吉。坤者大地平靜，任其他物所摧而不為所動者大利也。若醉心私慾，違背常理，則有無情之災。,男主動，女主靜，緩進可成，急則有失。,希望不大。,不稱意亦不理想，另尋。
212221,3,屯,水雷,不明不白,表剛出生的小草。主凶象。四大難卦第一卦。因為剛出生的小草，脆弱易折，表示凡事都會很困難，很容易就會夭折、失敗。但是只要有心小心地護持，小草還是有機會長成大樹的！,屯，元亨利貞，勿用有攸往，利建侯。,駐留在原地，匯聚了許多良好條件，宜於堅定守正。不要有遠行，利於建立諸侯。,屯卦代表?困難?，但不代表失敗。如果能夠屯積實力，走過?凡事起頭難?的階段，未來仍是無可限量。,逆勢，多有困惑，但不可妄進，宜守不宜進。堅定意志，凡事不可為一己之利而執意強行，皆有不成損破之象。宜步步為營，排除困難，始可通達。有初難後解之象。,不妥協，或已暫時失去連絡，否則就是出現不良狀況而有所阻礙，成就有困難也。而此卦男人得利，女人失利。,不理想。,不利。
122212,4,蒙,山水,被蒙蔽、被欺瞞。,表被蒙蔽不明之意。主小凶象。事情迷濛不明，不宜輕信於人，此卦易犯小人，需誠心求教於有智慧經驗的友人長者，受其啟蒙開智慧，方能轉危而安。若是一意而行必現大凶象。,蒙，亨，匪我求童蒙，童蒙求我。初筮告，再三瀆，瀆則不告，利貞。,蒙昧不懂事，亨通。不是我去求童蒙之人，而是童蒙不懂事的人來求我。第一次的筮問會告訴答案，同一件事再有第二次、第三次的筮問，那麼就是褻瀆，褻瀆則不會告訴答案。利於貞定。,能力不足以處理危機，最好的策略是向有經驗與智慧的人請益。但請益之前請先做好準備，誠心前往，避免繁鎖而一問再問的情況。,氣運不發，多迷惑。初時不順，須忍耐待機，漸可佳。切勿貿然行事或為人認保、作保，否則必有損失。凡事宜從上輩教誨，則運可通也。,此卦為未啟蒙之卦，致落花有意而流水無情。主要是缺乏勇氣與決心，致不成事也。若有成，此卦亦主勞碌耳。,不理想。,未能如願，再等時機。
212111,5,需,水天,需要等待時機。,表需要、需求，但卻又是時機未到而著急著。此卦凶中帶吉，需耐心等待，則事情可成。健康，要特別注意，此卦為「遊魂卦」。,需，有孚，光亨，貞吉，利涉大川。,等待，有誠信則能夠光明而嘉會。貞定為吉，亦宜於涉大川。,需卦是藏有危機的一卦，雖然你的能力足以化險為夷，但仍不宜妄動，靜待佳機才是比較好的策略。,宜退守正道，不宜冒險前進，投機急取反而失利。須知貪小失大，智者必須待時也。,起初不如意，有耐心者方可成就，否則不成也。,要多用功。,不宜急取，急亦不得，再等待，再尋求。
111212,6,訟,天水,官司纏訟。,表訴訟、爭端之象。主大凶象。事情衝突必須到見官上法院，可能必須以法律途徑來解決了！凡事皆不利，而且已引起很大口舌是非爭持，而必須攤牌互相攻擊的程度了！,訟，有孚窒惕，中吉，終凶。利見大人，不利涉大川。,有誠信，鬱悶而恐懼。中庸則吉，若是讓訴訟走到底則凶。利於拜見大人，不利於涉險過大河。,注意福禍相倚，得未必是福，失未必是禍。你的堅持是很危險的，凡事不要走極端，不要頑強固執。能夠放棄爭訟則吉，平安是福；若是一意爭取到底，既使贏了也會召來後續的禍害。,百事閉塞不通，傷害頻繁，受中傷而又易陷於奸計，不如意之運也。得饒人處且饒人，得過且過，莫再爭訟，否則皆不利也。,多事之時，是非頻頻，受中傷不易成也。,不理想。很差。,難成。
222212,7,師,地水,但要師出有名,表軍隊打仗強烈抗爭之意。主大凶象。師亦為「師長、老師」，是為強烈教訓的現象，若在事、在人，均表示會受到很大教訓、挫折。或是與人結怨甚深而遭到其強力的打擊、迫害。,師貞，丈人吉，?咎。,出師以正，長者吉，沒有罪咎。,帶兵打仗首先要師出有名，其次用人則是要找老成持重，有豐富疆場經驗者為宜。無經驗者絕不可用。,事雖有不順、但要引以為鏡，記取教訓。不要圖私利而投機取巧。凡事應以正規而行，事物多變動，切忌獨立而行。困難多端，靠自己努力，摒除一切困難為上策。,慎防感情引起的衝突、傷害，難再有成。,很認真，但不理想，繼續努力終有成就。,獨立無望，有人扶持則可。
212222,8,比,水地,平等、比合。,表兄友比肩而站，一片融合互持、比和之意。主吉象。水溶入土中、膠和在一起，是個很親密的卦象，尤其是論男女之情。事業投資有親密的伙伴相助，共同扶持打拼，事事當然越佳順利進行。,比，吉。原筮，元永貞，?咎。不寧方來，後夫凶。,筮問親比之事，得吉。原田之象的問筮結果，大善而長久堅定，不會有罪咎。動亂不安的方國也都歸順而來，最後遲遲不來者，大凶。,比道貴在能夠發自內心的積極，表現在外的則是當仁不讓，不落人後。只要積極表現出你的誠意，就能受到青睞。,運氣平順，與人相親處事則吉。可獲貴人提拔，但不可得志而非份橫行急進，否則遭破遜也。,兩相情悅，可得良緣。,金榜題名。,有貴人，可有利。
112111,9,小畜,風天,稍有積蓄。,表小有積蓄。是個小吉卦，事事不可貪大，投資理財均需保守為佳。健康無礙平順。,小畜，亨，密雲不雨，自我西郊。,小積畜，匯聚良好之條件。雖然雲層很厚，但卻遲遲不下雨，雲從家鄉西邊的郊區聚集而來。,未來充滿不確定，當今之計可以退守，放下遠大的目標，活在當下，選擇眼前立即就可達成的小目標。,有蓄聚、阻止之意。一陰畜五陽，雖有雲雨而不下，雨之不下，大地不能得到滋潤，故此運勢有反覆、有口舌、又難以急調，諸事宜忍耐，等待時機。尤其女人得此卦更應在行為上，對事或對人有所節制。,語言不和，意見分歧，不太如意。,不理想。,希望渺小。
111211,10,履,天澤,只要履行契約承諾則吉。,表戰戰兢兢、如履薄冰而行，卻是有驚無險。為小凶帶吉之象。履又為「禮」也。得此卦者，需盡快反省自己的態度，對人、對事、對長輩是否有輕忽、不敬之意。雖有危急之事幸好能平安度過。,履虎尾，不咥人，亨。,踩老虎尾，老虎不咬人，亨。,凡事必需謹慎小心，戒慎恐懼，如履薄冰，一切照規矩來，則可以亨通。要特別注意人與人的關係上，必需清楚分辨尊卑上下的份際，嚴守其應對之道。,有先勞後逸、始驚後安之意，雖有繁華，卻又反覆不和，故得此卦時為憂慮受危中而望喜渺。但謙虛反省請教於長者則吉。,相愛，但阻礙很多，雖然不易成功，但亦有以誠、禮相待而成婚姻者。,有望。,有貴人提拔，可發展，稱心。
222111,11,泰,地天,否極泰來，鴻運當頭。,表三陽開泰，萬事亨通。吉卦之象。諸事皆順。,泰，小往大來，吉亨。,小人離去，大人歸來。吉而嘉會。,雖然一切順利，萬事如意。但人無遠慮，必有近憂。對於事情的發展應當有防患於未然的遠見，則可長保安泰。反之，若不知守成不易，防患未然，則泰極否來，吉之後很快就會轉為凶。,諸事如意吉祥，前途事業均順利。切不可驕傲或任意從事，亦宜自惕勿太活躍，始能免於災難。凡事宜求內在之實，不求外在之虛，否則有破。,情投意合，良緣。勿任性，以維持吉象，反之則招破。,上榜有望，宜再努力勿懈。,吉利亨通。
111222,12,否,天地,處在困境中。,表不好、壞掉了！主凶象。否顯現出陰陽之氣不協調，在人及事方面諸多不被認同，有內外不合、眾說紛紜的現象，因此事事難以進行，最好此時能彼此互相退讓靜下心來理性的溝通，方能轉吉。婚姻、感情，已有個性、意見的衝突產生，若不能好好退讓協商，恐有離異分手的結局。,否之匪人，不利君子貞，大往小來。,閉塞不通，慘無人道的時候，不利於君子的貞定。君子大人離去，小人回來。,除了靜待時機，等待否極泰來，或許可以多注意一下自己在溝通能力上的問題。若是為人上司，則應該設法放下身段，打破下屬的心結。若是為人下屬，則可設法將意見上達。,凶且衰，君子以險德避難，不可榮以祿也。邇勢不通達，諸事不順，有損失且波折多。故宜守固正道，若稍偏差，則災害至也。,陰陽相背，被拒千里之外。,不理想。,先難後易，須有耐心去爭取勝利，否則凶。
111121,13,同仁,天火,結合志同道合的人集思廣益。,表有志一同，相和而成。主吉象。理念相同共處愉快。事業投資、感情皆是和睦融洽。最適合找人合夥事業或尋求認同自己理念的吉卦。,同人于野，亨，利涉大川，利君子貞。,與人會見於野外，亨通。利於涉水過大河，可以涉險。利於君子的貞定。,與人結盟應當要有信心與決心，更應注意自己的誠信與心胸氣度，否則中間可能出現的阻撓與障礙，不但可能讓你半途而廢，甚至惹禍上身。,得此卦為諸事開通、平安、吉祥、如意之象，有同情心，互愛、亨通之象，故宜好好掌握時機，維持盛泰。若有稍涉偏私或為私情之愛則有破兆，應以事業為重。,互悅其情，彼此間謙和以禮互敬，魚之得水，定成美眷。切忌氣盛，宜和。,成績優良。,吉利。
121111,14,大有,火天,旺盛大有收穫。,表有很多的收穫。是個吉卦。易經解釋大有卦為，春耕、夏耘、秋收、冬藏，是個努力堅持之後的願望期待實現。很利於投資、合夥、感情、婚姻。,大有，元亨。,大有，大亨通。,大有是非常好的一卦，凡事都順利而亨通。但要注意的是富有時應保持低調，不要炫耀，以免引來不必要的麻煩。,得時得運，隆盛昌榮也。然卦象藏有盛極必衰的預兆，不得不慎，以期保持其全盛之樞紐，可眾望所歸。有走紅、賺錢之勢，須謹慎不可驕縱。,可實現理想之吉象。,科甲明登。,順利可行。
222122,15,謙,地天,要謙虛才可得到助力。,表謙虛不出風頭之意。主吉中帶小凶。謙卦顯示除了謙虛不與人爭之外，還有一個很重要的意義，就是被「壓抑」！在目前到處都充滿競爭的世代裏，彼此競爭、排斥，是很正常的一種現象，所以，謙卦就是告訴你，雖然一時被壓制了，但是忍辱負重，很快就會再意氣風發的。因此不要氣餒、灰心。另外，也顯示，事事不可強出頭，目前局勢下，謙讓不意氣用事，才可得吉象。,謙，亨，君子有終。,謙卑，亨通，君子能實踐到最後。,謙是修養自己，以德服人的一卦。因為虛心，所以更為富有，因為謙卑，所以崇高；功成不居，所以偉大。但這些都不是一?可及的，而是要持之以恒。,吉利平安，欣欣向榮之象，謙者前途大利，驕者橫行招敗。故以君子謙德，縱涉大川而無險也，卦利君子。正所謂謙受益滿招損也。,以謙恭相追求有成，可獲良緣，反之失利。,金榜題名。,吉利。可成。
221222,16,豫,雷地,順應天命。,表高興悅樂之意。主小吉象。此卦顯示做事積極、有力，性情柔和、圓融，充滿令人喜樂之氣象。凡事可盡力去做，無大礙。婚姻、感情，男建、女歡，可得良緣。,豫，利建侯、行師。,豫樂，利於建立諸侯，軍隊出征。,可以用「寓教於樂」的手段來完成嚴肅的事。凡事用心傾聽，以娛悅的心與人多做心靈的交流；不要沉溺而迷失自我，要懂得節制，適可而止。,此卦象徵萬物欣暢，如意安泰，可得上輩之助。切不能因繁華而怠惰，或沉醉於聲色歡場之中。好運不常有，當好好把握。,一帆風順，天賜良緣。,金榜題名。,可得上輩提拔，有希望。
211221,17,隨,澤雷,跟隨上司主意行事。,表隨遇而安，一切隨緣、隨和。主吉象。事事均可依隨著自己的心思計畫來執行，而會順利地達成。事業、投資、理財、感情，均會有令人滿意的發展和收穫。,隨，元亨利貞，?咎。,順從，大亨通而利於貞定，沒有罪咎。,凡事順其自然，隨緣，做了讓自己高興就好，不要太強求。但切莫把隨緣當隨便，否則事情會敗壞。,物事均有去舊迎新之吉象，凡事與他人互相通達、協商，可名利雙收。倘若三心二意，或獨立單行，不聽人言勸，有自招災禍之虞。,目前重於情慾、經濟，依賴心較重，順著時事、心性而行即可，感情如家人般的結合。,成績理想。,雖吉，然若能謙遜待人，多接受別人意見，會得人提拔。
122112,18,蠱,山風,中蠱毒，無可救藥。,表受到蠱惑、毒害。主大凶象。蠱毒是因內在腐朽而生蟲化毒，顯示問題的根因存在已久，卻未誠實面對處理而導致愈來愈嚴重。若是動爻在外，則表示被外來的小人所害，其怨恨根結甚深。易做出錯誤的決策，慨大都被人所迷惑、而一時心神錯亂引致禍事。,蠱，元亨，利涉大川，先甲三日，後甲三日。,「先甲三日，後甲三日」原本意指吉日，甲日之前三日為辛日，甲日之後三日為丁日。辛日與丁日皆為吉日。辛又有「改過自新」的意味，丁日則取「丁寧」（叮嚀）的意思。,蠱卦面對的是一種沉?已久的問題，所以不是解決眼前問題而已。所以在力精圖治、奮發有為的同時，重要的是必需重新擬定新的計畫，建立新的未來。,諸事不如意、積弊已深，未能進展，氣運雜亂。逢此宜鼓起勇氣，大膽加以革新，有內憂外患之象。,關係複雜，尤其男人到處留情，苦惱多，終會一刀兩斷。另覓對象可吉。女子若是再婚者，其前夫不良，且已斷緣再嫁。,落榜。,不利。
222211,19,臨,地澤,好事即將來臨。,表大駕光臨，貴人來到之意。主吉象。臨又為「君王臨幸」之意，是上者對下者之象，在事業投資，為貴人相助之意。在感情則有期待而至的歡喜感。只是以上之象皆有，人尊己卑需仰息於人的感覺。,臨，元亨利貞，至于八月有凶。,大人來監察，匯聚了許多良好條件，利於貞定。到八月會有凶。,關心並督促事情要注意保持內心的喜悅，態度及手法的柔順。做事要能持續，不要虎頭蛇尾，則事情可到達新的境界。若半途而廢可能會帶來災難。,運勢漸增，諸事亨通如意，前途有望，仕途有成，可得貴人相助。上下安合。以和順可奏大功，宜誠心待人，可諸事順暢，急進或忘形者，有破財之象。,不可急，切忌意氣用事要求，柔順期待者有吉象。,金榜題名。,順利可成。
112222,20,觀,風地,尚在觀察中。,表觀察、觀看。是個最標準的狀況卦，吉凶未定。凡事不可輕下決定，需要再觀察一下局勢再做打算。尤其是對長官、上位者的態度更是要察言觀色，不可輕忽大意。,觀，盥而不薦，有孚顒若。,觀看祭典，就要看澆灌香酒請神最隆重的一段，這時與祭者最為虔誠而莊嚴。至於後面獻牲禮開始就沒什麼好看的。此比喻觀禮要虔誠與用心。,觀卦的吉道在於能夠接近事情的核心，並用心去觀看事情的發展，從中充實自己。反之，若是無法接近事情好好觀察，為凶。而若接近了，只是外行看熱鬧也是枉然。,處在有危險不穩的時運，耍多觀望時勢之利弊，待機行事，於人事物，須以誠待之，才能感化而倖免陷入困難也。,外表看好，內則虛浮，有上輩提攜可望達成，否則尚處在漂動不穩定的狀態。,不理想。,不易。
121221,21,噬嗑,火雷,被吞沒掉。,表如鯁在喉、難以決策。主吉凶未定，是個狀況卦，有點偏小凶。也如同「雞肋」一般，食之無味、棄之又可惜！是需要堅決下個決心的時候了！,噬嗑亨，利用獄。,噬嗑，亨通，利於使用刑罰之事。,得噬嗑卦凡事能小有獲得，但需要明察秋毫、明辨是非的能力，除了解決中間可能遇到的困難，更要能分清什麼是該得，什麼是不該得的，以免因得而惹禍上身。,諸事不遂心，多受阻害。有紛爭，無法前進之時，宜常守原則，不為利誘，以免被人中傷。然而一般人多有無法逃避利誘者，故必受禍，若能和氣處事為安。更須突破困難方可通達。,有被人阻礙或橫刀奪愛之事。但勿氣餒，勇往邁進即可成功，否則放棄罷了。,不佳。,多生枝節，不利。唯有積極去謀求方有所成就。
122121,22,賁,山火,表面好看、裡表不一。,表美麗得外表裝飾。主小凶象。「金玉其外、敗絮其中」最佳解釋。經過有心修飾、偽裝的外表或事情，事業投資、感情皆不宜。慎防有心的小人、偽君子。,賁，亨，小利有攸往。,賁，亨通，若是小事，利於有所往。反之，大事則不吉。,卜得賁卦只適宜做小事，不宜做大事，而且既使有成，也只是小成，過程也不會太平順。賁卦最好不要矜持過度，以致於黑白不分。,卦象是象徵其人外表好看，內在空虛，因此，必須充實自己，凡事深思遠慮，與人和睦相處，能獲得意外利益。切忌因小失大，更無須為了掩飾外觀而造成不必要的損失。凡事踏實，按部就班為是。,不可自視太高，也勿把對方及自己都估計太過，須知華麗的外表並不能決勝負，宜相誠以對，若自視太高反不得所愛。宜慎。,不理想。但人家以為你讀得不錯。,條件勿太苛求，可成。
122222,23,剝,山地,剝削，剝落。,表剝落之意。主大凶象。地動山崩，一時群山崩落為平地，表示很嚴重的動盪、變化，而致使重大的傷害、不幸的產生。最易有急症、意外的血光之災。事業、感情、婚姻，得此卦需有心理準備，所有之前的努力可能要重新再來了。唯此卦利於重新到外地發展，或另尋對象也可。,剝，不利有攸往。,剝爛，不宜遠行。不宜出門。,剝卦為陽氣即將被剝盡的時候，諸事不宜。只能靜待時機，等待時局轉變，事情進入另一個循環時再重新開始。,運帶破、帶衰，有不利之災禍，不可抱持野心，自作聰明，否則自掘墳坑。得此卦者，必有與歡場女子耗費餞財而又被陷害之苦惱，且有受部下連累而損財，為不得志之時運也。,卦象陰太盛，故男求女利，女求男不利。口舌多，不可奢望太高。,落榜。,順而止，要慎機行事，不可粗心大意。
222221,24,復,地雷,一年復始、萬象更新。,表重複再來、週而復始之意。主是個狀況卦，吉凶未定。好事會重複，但壞事也會重複再來的。此卦顯現一種循環的狀態，可能是好、也可能是壞。,復，亨，出入無疾，朋來無咎，反復其道，七日來復，利有攸往。,回家，亨通。進出家門都平安無事，朋友來了也沒有災難。一趟路下來，來回需要七天的日程。利於出門。,此時適於閉關休養生息。凡事莫心急，在最冷的冬天裡，生機暗藏，只需等待春天一到，就會欣欣向榮。,一陽來復，萬事甦伸，不久就會好轉。初時不宜急進，腳踏實地則有一本萬利、開運亨通之象也。,性急則敗，緩可得利。,愈考愈好。,勿太急，可成。
111221,25,無妄,天雷,無妄之災。,表不要有一些空幻的想法，或是你的想法可能有點虛妄不切實際。主小凶。建議凡事要務實、踏實一點。也表示目前所處的狀況，是有一廂情願的心態。或是有點「妄想症」的不正常心理。,無妄，元亨利貞。其匪正有眚，不利有攸往。,發生意料之外的事，大亨通，利於貞正。若是行為不正會有災禍，不利出門或遠行。,不要因為遇到災難而怨天尤人，甚至進一步胡作非為，否則事情會更糟而無法收拾。凡事守靜，循規蹈矩自可渡過難關。,無妄的道理者，乃真實無虛要踏實。故若做事操守而能堅貞固執者吉。若不行正道，行為不檢點者，必然有災禍至也。切忌醉沉於利、慾之中，慎之。,成功與否，須看各人之修為德性而定。然此卦有不順遂、不和，或有被傷害者欲分離之象耳。,筆試有利，口試不利。,
122111,26,大畜,山天,大有積蓄。,表會有很多的積蓄、不動產的來到。吉相之卦。可以考慮較大的投資案，只是現金周轉可能會較不利。蓄也有守財小氣之象。,大畜，利貞，不家食，吉，利涉大川。,大畜，利於貞定，不在家吃飯，吉。利於渡河涉險。,對於事業很好，大膽前往會受到重用，但將難以兼顧家庭，甚至可能離鄉背井。因此自己需要的是什麼必需思考清楚。,大凡諸事不可好高鶩遠，腳踏實地、務實行事，始能成就大業。以蓄德為主可吉，若因得勢而氣盛凌人，目空一切者，終招失敗之象。,雖有些阻礙，但終有望，然氣盛則自招叛而破。,上榜。,不利。再待時。
122221,27,頤,山雷,靜臥，不向前衝。,表養也。主小吉帶一點凶。養跟飲食有關，也表示養育、教育的意思，對情勢需要再充實、瞭解，不要貿然的就下任何的決定。頤，又與口有關，故需慎防小人口舌之災。,頤，貞吉，觀頤，自求口實。,頤養，貞定為吉，觀察別人如何養生，以求得自己口頰的充實。,謀事時機未到，最好再閉關修練。凡事以守靜為吉，要知所節制，慎防口舌之災，不管是嘴巴講出去的話還是吃進去的東西。,有欠缺考慮、魯莽妄動之害。若有懷陰謀，與人互相猜疑或爭端者更不利。要守正道而善行之，凡事切忌任性非為。,不可傲氣凌人。雖有些阻礙，但此情令人意亂情迷，耍冷靜觀察。因為頤卦為養，即是食，對自己本身之損益，跟自己吃下去的東西，是相對性質的反應。故宜重新估計對方的價值，是益是損？切勿因情誤了自己的青春。,尚可。,不成。
211112,28,大過,澤風,極大過失。,表犯了一個很大的過錯哦！主大凶。諸事不順，切忌此時作任何的決策。需努力找出問題之所在，儘快解決才能扭轉劣勢。,大過，棟橈。利有攸往，亨。,大的過錯，棟樑彎曲不正。宜有所往，亨通。,根基不穩，基礎很弱，既使有棟粱之才獨撐大局而能化解危機，但一切還是應該回頭思考如何穩固根本，避免繼續腐化。或者另求出路，也是良策。,諸事衰退，多煩惱，恐水難或犯官符。有力不從心，負擔過重之象。逢挫折而將墜落之時運，故得此卦者，凡事切忌經舉妄動，否則有過。,雙方眼光均太高，且各已有相好之人，花心又不實，何需再另談感情之事？無望。,苦惱也。不佳。,困難很多。
212212,29,坎,水,漂浮，被情所困。,表陷溺被水淹滅之意。主凶象。四大難卦第二卦。困難已到來了，此時正在掙扎中，隨時會被淹滅而破散。若能破釜沈舟、奮力一擊，或許尚有轉機，需積極找求貴人，才會有生機。,習坎，有孚，維心亨，行有尚。,雙重的牢坎，有誠信，維持內心的亨通，行為得到獎賞。,面對逃無可逃的危險要能安之若命，進一步求通達變，那麼或可化險為夷，甚至達成目標；反之若無法泰然處之，那麼卜此卦者為大凶。,危機重重，宜容忍自重，保持心境開朗，沉著應付，則可有脫險之機。吃得苦中苦，方為人上人，凡事莫與人爭長短，否則有不幸災害。,溺於情愛之中，然本身和外圍的困擾和壓力都很大。,不理想。,不利。
121121,30,離,火,變動突發火光。,表智慧、明亮、溫暖。六沖卦、純卦，主大吉大凶、大好大壞之象。也表，虛象不實之意。,離，利貞，亨，畜牝牛吉。,附麗，利於貞定，亨通，畜養母牛做為祭祀之用則吉。,這一卦雖吉，但顯然是有條件的：若能柔順中庸則吉，反之則不吉。另要注意事情是否外表過於美麗，華而不實；或者人是否流於小聰明，而缺乏圓融的智慧。,雖然目前外觀極盛一切順利，可能為假象、虛象，而且雙火之燃，其內部、內情已有所損，又雙火之烈，如烈日中天，故凡事宜守之，勿太急進，待人以謙和、理性，否則必有所損失。宜順從長輩，勿因急躁而妄動或意氣用事，則可欣欣向榮也。,對方明亮有活力，性急者弄巧成拙，誠靜者其情必有成就。,成績不錯。,尊重長輩安排。待時機可獲良好事業。
211122,31,咸,澤山,合和。,表感動也。主吉象。感，有如青春男女，清純無暇的感情，心心相印有感而發的情感，得此卦，與感情有非常大的關係。也可引伸為對一種理念的認同和欣賞。咸，並無利慾的情色糾葛，是屬於比較「感性的」一種感覺。對男女之間的感情，是最大的吉象。,咸，亨，利貞，取女吉。,有感情，亨通，利於貞定。娶女吉。,如何正確使用感情來處世？這是卜得咸卦所需注意的基本問題。虛心傾聽，取得他人共鳴，那麼事情自然可成。但若感情用事，濫情而不守禮法，則大凶。,吉祥如意。但勿為不正當的感情而意亂迷惑，或過於衝動。然得此卦時，會有男貪女愛之箏，非名正者必遭損，宜慎之。,互敬互愛，清清白白者定成眷偶。若名不順而貪愛者，當知懸崖勒馬。,成績佳。,皆能如意得償。
221112,32,恆,雷風,要有恆心。,表維持不變的跡象。主是個狀況卦，吉凶未定。顯示一種會持續很長久的一種狀況。好的或壞的情形，都將會再持續下去。事業投資、感情婚姻都不宜在此時做任何的計畫或變動。,恒亨，?咎，利貞，利有攸往。,恒久而亨通，沒有罪咎。利於貞定，利有所往。,如果你想要的就是穩定，那麼這就是一個大吉之卦；但如果你所想要的是挑戰與成長，那麼這是一個潛藏未來成長障礙的卦。因為過於穩定，將會缺乏變化與創新。,諸事亨通而沒有犯錯方能恆久。其象利於正常固守，並須有毅力持行。雷風者，知守常則吉，妄動者則不能亨通。,順利如意，有美好結果。,高分紀錄。,向東南有利。
111122,33,遯,天山,隱居退守。,表退守、退步之意。主凶象。一切事項均需停止下來，因其中可能有小人、或障礙、陰謀在破壞中。退另有表示退步之意，功課、事業，均不再如同往常般的成績了！,遯亨，小利貞。,逃離而亨通，小人利於守正。,小人得勢的時候，不要想著功成名就，凡事躲得越快越遠越好；功成不居，急流勇退，隱居深山，是最好的去處。,小人道長，君子須遠離小人，諸事宜守。艮者，止也，言行物事要謹慎，才能得安而運泰。若遇小人之害，見陷於是非之地，勿管閒事，識時務為俊傑。,落花有意，流水無情，適時地另外選擇其他對象吧！,不理想。,須待時機。
221111,34,大壯,雷天,聲勢浩蕩。,表天上打雷、聲勢浩大，行動迅速、積極之象。此卦一般以吉處藏凶來論。因為對人、對事最忌衝動。此卦有過於不理性衝動之象，容易犯錯。尤其有血光之禍，被人毆打、傷害之意。得此卦，凡事再三思為吉。,大壯，利貞。,非常壯盛，利於貞定。,理直氣壯、據理力爭有時雖有必要，但卻很可能因此造成不必要的傷害。凡事應當多點冷靜審察情勢，不要莽撞，就能夠避免不必要的錯誤與災難。,剛強過盛者，若不思正與順，則有躁動之害耳。雖運勢強大，時至當盛之期，但忌血氣方剛。處事欠思慮而遭破運，宜力持和平、順氣，勿得罪人，否則會因此而招來失敗，切勿貪妄。,有成就，但缺乏仁和謙恭，易遭反悔，須慎之。,有好成績，但勿太驕傲。,可順利。勿太剛強行事。
121222,35,晉,火地,很明白，很明亮。,表進取也。主吉象。火為太陽，所以是「日出於大地、光明乍現」，陽光準備要照耀大地，一片欣欣向榮之象。事業投資、升遷、婚姻、感情均是有雨過天晴，奮發向上的吉象。,晉，康侯用錫馬蕃庶，晝日三接。,晉升，康侯受到賞賜的馬匹眾多，白天就三次受到接見。此言因功而受到周王賞賜與重用，不停的接見。,除了卜問感情，晉是一個大吉之卦，聰明才智會受到肯定。卜問生意與財運也都能有所斬獲。,事業繁榮，聲譽漸高，於人、事、物均獲宏利之際，與人共事者吉。但要知進德虛懷，即是諸凡對人、事宜謹守德操，不可傲溢心懷，否則有破象也。但財運旺。,光明出於地上。柔順而求，可成眷屬。,科甲登榜。,受人提拔，可有成就。
222121,36,明夷,地火,渾沌不明。,表火入坑中，陽氣被陰氣所傷害，被小人所重傷。主大凶象。諸事不宜，運最背之時。,明夷，利艱貞。,光明隕落消失，利於艱苦與貞定。,局勢混亂，求財求事皆無成，不要想著功成名就，應當以明哲保身、求取生存為第一要務。,逆勢下降，時運未濟，物事勞苦，逢小人加害，光明受到掩蔽而失光明，所以多艱難之運也。有萬事阻滯，遇事迷惑、受災。故宜守貞固之道，忍耐自重，等待時機。,有被背叛拋棄之象，未能被對方接受，不成也，而且受傷很深重。,無望。,日下無希望，須再待時，需防被騙、失財、失身。
112121,37,家人,風火,家人離散，吉中帶凶。,表同為一家人。主小吉之象。事事以家人為重之意，如事業投資均需一家人合作共事為佳。感情，為成家之吉象。,家人，利女貞。,家人，利於女子的貞定。,凡事應當優先反躬自省，處理好自己的份內事、家務事，處理好了一切問題都可迎刃而解。,平安無事，且有喜事之象，與家人共事者大利。,有情人終成眷屬。,上榜有名。,有良好機會，勿失。
121211,38,睽,火澤,防小人。,表乖危、叛逆、背離之象。主凶象。意見不合，彼此爭鬥、任性、不協調。事事均不順，且有被出賣的危險，注意犯小人。,睽，小事吉。,小事吉，大事則因人心違和，缺乏團隊合作而難成。,人與人之間意見不和並不見得是壞事，如何包容異己，同中存異，和而不同，讓「不同」不變成「不和」是卜卜得睽卦該學習的智慧。,水火不相容，則氣運不通，勢行低落，諸事難成。凡事有違叛之時，若能處變不驚，不逞強出頭，尚可轉危為安。有家內不和，親友疏散之情。宜力持溫和，忍耐去克服困難，始可渡危。,彼此間無意向，無望也。,落榜。,無希望。
212122,39,蹇,水山,跛足，執行困難。,表寒足之意。主凶象，四大難卦第三卦。冰天雪地中赤足而行，表示現在處境多麼的艱辛困苦，卻又不能放守不管，只能硬撐到底。此時雖是無奈，但也總有苦盡甘來的時刻。人事均很為難之時，事業、感情均有騎虎難下的困境。,蹇，利西南，不利東北。利見大人，貞吉。,難行，利於西南方，不利東北方。利於見大人。貞定為吉。,"	諸事不宜，強行則有危險。知難而退，回家修練，等待機會，是蹇卦的最佳策略。",衰運，多災難，進退兩難之處境，要自重而不可妄動，此時應守正道待時也。凡事雜亂，更防小人之害，絕不可涉險境，否則災害必至。,困境重重，情緣有破，捨棄難定之際。然此卦主破象。,落榜。,眼前毫無希望。
221212,40,解,雷水,解凍。,表解決之象。主凶帶小吉之象。冬雪春化之意。冰凍三尺非一日之寒，事出有因、但已是到該解決的盡頭了！只是化解之日還很長，要抓住重點方向，好好努力堅持下去，還是有可能再成功的。,解，利西南，?所往，其來復吉。有攸往，夙吉。,危險緩解，利於西南方。若是沒有要去那裡，那麼快快回家為吉。若是要去什麼地方，趕早則吉。,"	凡事要積極主動，遇到任何事情，不要拖延，馬上解決則吉。若有出行，則盡早出發為宜。",順勢而行，速把握良機、堅持努力，快速處理可成。貴人在遠方，有助，宜出外營謀。大運在西南。,不用猶豫，堅持可成。,題榜在望小成。,有貴人相助。
122211,41,損,山澤,有所損害、損失。,表小有損失也。主凶中帶吉之象。「賽翁失馬、焉之非福！」是此卦最好的解釋。投資、事業、借貸、感情皆是失意不順之時，然對事要有信心，學得經驗將可得到更好的結果。若將要投資則不可。,損，有孚，元吉，?咎可貞，利有攸往。曷之用，二簋可用享。,減損，有誠信，則元吉；沒有罪咎而可以貞定，利有所往。要用什麼來供奉祭祀？簡單兩個盤子的食物就可了。,損並不是一般人常識中認為的「損失」，是一個壞卦。反而是「元吉」且「利有攸往」──所以其實損卦是個還算不錯的卦，只要你眼光放遠，願意暫時小小犧牲一下。,諸事不如意，若傾於利慾不當之心則有災，散財之損。必須能夠悟其所損，方能挽回局勢。與人共事商量則可收損失之象。,以誠信可以成功，可得良緣，但此卦女者卜得有較大的損失。,多努力，榜上可題名。,可慢慢受重用。
112221,42,益,風雷,有利益，有好處。,表利益、好處。是由上對下的一種好的給于。主吉象。對事業投資都有相當的幫助，可得貴人來相助、扶持。,益，利有攸往，利涉大川。,攸，遠，或所。利有攸往即利有遠往，或利有所往，就是利於出行、利於遠行的意思。也可解釋為利益有遠往，即有長遠的利益。,此卦雖吉，但屬於長遠性的利益。凡事必需努力上進，特別要設法增加自己的優點與技能。,乘盛吉之運，可得他人之助而諸事順暢，家業有成。大致吉利之運也。,相成相益，可成良緣。,成績優良，父母有喜悅之象。,大好時機，勿錯過。
211111,43,夬,澤天,決、缺。,表決定或缺失。是個狀況卦，吉凶未定。所遲疑的事情，一定要有個決定不能再拖延，至於如何決定，可視變卦而定。否則在有所拖延，就成凶象了！,夬，揚于王庭，孚號有厲。告自邑，不利即戎，利有攸往。,處決，大肆張揚地在君王的大庭上舉行，即使是以誠信號令大眾，仍不免於有危險。要以告誡的方式來治理自己的城邑，不適合動用武力，如此則有長遠的利益。,內心固然要果決，但手段則要委婉。在上位者要能夠施惠於下則可得人心。,日前雖然鴻運當頭，終會遇到困難與危險，凡事不可輕舉妄動，宜隨時警惕自己，留心意外災害。住所可能會有變動，亦有文書、契約之失利，易生錯誤。慎勿傲氣或自以為是，不謙和者定有災。,男人不專情之象，乃孽緣也。,不理想。,有困難，或得不到好職位。
111112,44,姤,天風,二女爭一男,表邂逅、不其而遇，非預想中的事情來發生。主是個狀況卦，吉凶未定。逅，會帶來意外之喜、也會帶來意外之災，需視動爻變卦吉凶來論斷。而「姤」意，卜感情通常是有其他的感情發生的跡象、與情色非常有關係。,姤，女壯，勿用取女。,邂逅偶遇，女人強悍，不能娶女。,既然是「邂逅」，如若有什麼好事，也只是一時的運氣，不應當因此做長久之計。又姤卦是屬於女人的卦，男性諸事不宜，或者必需聽命於女子。女子則可掌控局面。,陰長陽衰，男人傾防因色受禍，諸事不如意，不能上進，沉於女色之凶象也。凡事進取宜慎重。,男女對象均不理想，有第三者出現，因而徒勞無功，會離散。,不理想。,難成。
211222,45,萃,澤地,人才聚集。,表精華聚集之意。主吉中帶小凶之狀況卦。有經過挑選、或是在因緣際會下，而重新再一起共事的意義。事業公司，可能人事有需要再重新安排挑選過。,萃，亨，王假有廟。利見大人，亨，利貞，用大牲吉，利有攸往。,集會，君王來到宗廟。利於見大人，亨通。利於貞定，使用大的牲禮，吉。有長遠的利益。,萃卦最適於「聚集人氣」一類的事務，若可行的會，集合眾人之力也是解決事情的很好方法。,昌隆，得信於人，承上輩照顧，事業吉昌，但宜小心財務上的糾紛。,可達成其願望。,常保佳績。,可順利，有成就。
222112,46,升,地風,逐漸高升。,表一種情勢有如乘風而起，會越來越旺。主是個狀況卦，吉凶未定。有點偏小吉。尤其是在氣運的轉變中，將會顯現得很明顯。此時可以做一些計畫，但還尚不可執行。,升，元亨，用見大人，勿恤，南征吉。,上升，大亨通，以此去見大人，不必憂慮，往南征戰，吉。,成長原本就是緩慢而需要時間的，但只要耐心等候，有朝一日一定可成。若能找到貴人相助，也可加快事情的進展。,諸事向上發展，開運之象，南方有吉慶，可名利雙收也。,不宜過急，慢慢追求可成。,進步。進取有利。,有利。
211212,47,困,澤水,被困住。,表很大的困難被困住了。主大凶象。四大難卦第四卦。四處無援，最困難之時。事事恨難再有進展，只好靜待時機，是此時最好的選擇。,困，亨，貞，大人吉，?咎，有言不信。,窮困而亨通，貞定，大人則吉，沒有罪咎。這時候所說的話無法讓人相信。,所謂「窮則變，變則通」，處困卦應當堅守節操，謹言慎行，然後才能夠窮中求通。這時不只言多必失，也很可能引來羞辱。所以凡事應當多做少說。,不如意，被小人欺，勞而無功，破損之災。一事難成，運衰也。宜守己待時。,失敗之象，難成氣候。,不理想。,不得時亦不得意，再待時機。
212112,48,井,水風,井底之蛙。,表小水之源，有格局小卻能過活之心態。主小吉象。井水雖不能種植、畜養，卻能養人度日，顯示心力之有限，不能做太大的計畫。也另表示視野沒有很寬廣，比較短視，保守心態重。,井，改邑不改井，?喪?得，往來井井。汔至，亦未繘井，羸其瓶，凶。,水井，遷移村邑但不會遷移水井，井水原本取之不竭，不會變少也不會變多，大家無不來來往往的取用井水。但現在水井乾涸無水了，還來不及取得井水，又打破了儲水的瓶子，凶。,井道重在自清，水清則人群至，德善則人心服。因此凡事應多反躬自省，修養自己的內涵。最怕急功近利，往往災害由此而生。,缺乏衡力，因井為靜而不能移之物。故凡事已無法進取，不如守之泰然。,任其自然發展，但情況不怎麼好，有破裂之相。,尚可。,安於本份，換新的工作也是小工作。
211121,49,革,澤火,革舊佈新。,表該改革、革新之時候了！主是個狀況卦，吉凶未定。事事情況雖不穩定、明朗，但只要有心改變，重新再來則成功機會大。一切不可固執不化、不變通。,革，已日乃孚，元亨，利貞，悔亡。,變革，天命來臨之日，才能取信於民。大亨通，利於貞定，不再後悔。,洗心革面為吉，如果自己不革新，守舊不變，等著別人來改變，那就會變成革命。,不穩定，多變化之際，凡事均有所變動，故需棄腐朽而立新者，宜下決心改革。但仍須謹慎改革之道，善改則吉，惡改則凶。,去者已矣。凡事均有新的開始，迎新為宜。,越來越好。,不可守舊，改變職事有利之時機也。宜速把握良機。
121112,50,鼎,火風,極為旺盛。,表三足而立，三人而行，平穩之勢。另表拜神、禮佛的香爐。主吉象。事業投資應與人合夥為佳，諸事可在平穩中發展。唯對感情、婚姻略有凶象，出現三人行的機率很高，有外遇出軌的跡象。只是大家會很理智的來尋求解決。,鼎，元吉，亨。,鼎卦為改正朔，建立新朝代，因此《象》曰「君子以正位凝命」，君子用以確立地位，堅定天命。凝通冰，水變堅硬，結冰。引申為成、定。凝命，完成天命，天命確定。,鼎卦雖然諸事大吉，但是吉道在於養賢、創新，與耳聰目明，最怕者就是守舊不變。,能解決困難，取得事物之穩定而名利雙收，會有不錯的成就，最好新找外人來共事、合夥。,吉中帶凶，外表平穩順利，可能另有第三者的介入，且在暗中發展不易被發現，需小心或心裡有準備。,登科上榜。,大利。有上輩提拔。
221221,51,震,雷,受驚，害怕。,表奮發、震動有衝動不安穩的現象。六沖純卦，主大好大壞之卦象。此卦要注意意外血光，有被驚嚇之情形發生。運動比賽可為吉論。雷通常表示，聲勢浩大，卻是有聲無形虛象之意。與人交往最忌此卦，表面熱心卻只是虛應一番，無誠心，不能用真誠來對待，否則會很失望。,震亨，震來虩虩，笑言啞啞。震驚百里，不喪匕鬯。,震動，亨通。震動之來讓人害怕驚呼，但後來笑顏逐開。震動驚動百里之遠，祭祀的器物不會喪失。,面對變動若能因為恐懼而有所警惕，謹慎處事，則有驚無險，因此而得福。反之，若對變動麻木不仁，則可能有後來的災害。,表面似盛泰，但正處於多事之秋，宜慎重，勿自視過高，無益也。有動盪、不安、驚懼之象耳。,有虛無實，是非、外語雜多。,可榜登科甲。,不利。
122122,52,艮,山,不動，自己改變。,表停止、退守之意。六沖純卦。主大好大壞之象。凡事應當知進退、量力而為。有如登山越嶺般，需充分審視自己的體能，和山上的情勢，絕不可強行逞能，適時的休息，方能平安度過。得此卦時應有大事或障礙、不順阻擋在前，若能保守、修身養性則安，反則為凶。,艮其背，不獲其身。行其庭，不見其人，?咎。,回頭看到他的背，但卻追不到他的人。即使進入了他家庭院，還是見不到人。沒有罪咎。,應當停止的時候就停止，千萬不要輕舉妄動。守住本份，求得不犯錯，是處艮卦的最佳策略。,應當潔身自愛，依賴心不要太重，否則不利。凡事不可輕舉妄動，諸事宜守，相輔得吉。儒家有言:『靜亦定，動亦定』，此非言死等，宜中正德行，固守貞常之道，凡事有定之理也。,有對峙、單戀、難合之勢，雙方各有阻撓也。,落榜。,固守本份為宜。
112122,53,漸,風山,逐漸好轉。,表循序漸進，不可心急之意。主吉象。好事慢慢在進行中，一切遵循正裡常規即可，事業投資均能有收益。感情婚姻，更是結果收成歡喜結局之時。,漸，女歸吉，利貞。,漸進，女子嫁人吉，利於貞定。,"	忌走捷逕，不能躁進。依禮法而行，循序漸進，則諸事大吉。",逐漸順利，光明開運之象。凡事物務必掌握時機，循序漸進，可得吉慶。須防款項交易之差錯及色情之災。,慢慢交往可成就良緣。但此卦有女子思男或已入男家，未能得男方家長同意者，但有心中能成良緣。,成績有進步。,可尋得良好工作。
221211,54,歸妹,雷澤,游魂卦、精神恍惚。,表小妹急著先出嫁，為感情衝動、不理智之象。主小吉帶凶。得此卦投資、升遷、合夥，大概與男女之間的感情用事，會有很大的關連。感情，第三者積極介入之象，或是自己一廂情願衝動的妄想。,歸妹，征凶，?攸利。,嫁女兒，出征凶，無所利。,凡事要特別注意不要感情用事，注意法律、輿論等風險。,禍出百端，事物有違常理。初時有悅，不久反凶，禍害隨至。,孽緣，必以悲劇收場。,有重新再讀一年之況。,放棄算了，再另做打算。
221121,55,豐,雷火,豐富，豐收。,表豐收之象。主吉中帶小凶之象。凡事積極奮發可成，有興致高昂，一時天雷勾動地火，閃電迅速達成之意，此卦最利於短期投資理財，感情則可情投意合而速成。,豐亨，王假之，勿憂，宜日中。,豐富盛大，亨通，大王親自蒞臨，不要擔憂，事情適於在日正當中的時候進行。,凡事都適宜盛大舉行，讓它眾人皆知。事情可以打鐵趁熱，順勢推舟。,豐者必有所得，明智者宜於最全盛有收穫時，保身明哲。然人多貪而不厭，於滿足，而挺險圖利，終有悔。尤其應注意有訴訟之事，有損財或火災之象。,熾情，好動，情可成。若得意忘形則有失。,及格有望。,有利。職務工作變動大，或外務之類。
121122,56,旅,火山,在火山口旅遊，非常危險。,表旅行、不定、不安穩之意。主小凶帶小吉之象。旅行者常居無定所。表示事事皆在浮動之中，雖不現凶象，但也是很令人煩心的。投資理財、感情、婚姻，大慨都是遊戲的心態吧！,旅，小亨，旅貞吉。,旅，小亨通。旅，貞定為吉。,行旅在外行事應低調，聰明於內，謹慎於外，守靜為宜。,諸事不定，宜考量他人之意見。潔身自愛，始可改變厄運，否則必有凶。,不穩定、遊戲心態重，宜以平常心看之，不能太重視。,很差。,白費心神。
112112,57,巽,風,粗暴。,表不定之象，時柔順、時狂暴。六沖純卦，主大好大壞之象。不易控制的局面，包括人、事、感情、投資，都是令人很難去掌控的、會有波折和變化。,巽，小亨，利有攸往，利見大人。,巽，小亨通，利有所往，利於見大人。,事緩則圓，凡事柔順以對，慢慢進行，都可成功。但小事可成，大事凶。宜找貴人。 做任何事都要記得不厭其煩的再三叮嚀。,此卦象徵多波折，游離不定之運也。此時要處理不驚，堅定意志，物事果斷而隨機應變，不必一味跟從順行。待人接物宜心平氣和，則可得意外之收穫。切記狂風之下必有所損。,要冷靜。風若和，日必麗。風若凝聚，可知暴風雨將至，終身大事不可不慎。時好時壞，把戲真不少，均輕飄不實也。,宜多用功。,不能達到理想，可隨機應變。
211211,58,兌,兌,喜悅，高興。,表少女純真喜悅之象。卻在純真之中帶有嬌蠻、任性的態度。六沖卦象，大好大壞。憂喜參半！,兌，亨，利貞。,面對面溝通以說服他，亨通，利於堅定。,喜悅是趨動人前進的很大力量，若能善加利用則人冒死也會為其效勞。兌卦又有講習之象，能夠與人相互切磋，當有所得。,有喜亦有憂，有譽亦有譏，雖得吉慶如意，然應守持正道，否則犯災。,有嬌蠻、任性鬥嘴之象，切勿意氣用事，因此卦內剛，定會有口舌，隨和相處可吉。有如兩小無猜的純純感情般。,成績佳。,得利，但亦不可太大意。
112212,59,渙,風水,煥然一新，渙散。,表渙散之象。主凶象。心神不寧、精神不佳，人事向心力均已離散，有頹廢不振的運勢。事業、感情、婚姻根基開始有鬆動的情勢產生。人的心緒、沈悶是最大的影響。若能穩定情緒、定下心神，應會再恢復以往的神采風光。,渙，亨，王假有廟，利涉大川，利貞。,大美，亨通，大王來到了宗廟。利於渡大河，利於貞定。,危險可化解。但凡事若要成功，則較為困難，問題在於人心過於渙散。如果能夠對此對症下藥，得以小有成就。,初有小損，但終可解困而心悅，凡事小心則百事亨通，任性放縱必敗。遠方物事吉利，但宜守其常。,因有一些小障礙，而可能會造成離散之象，外在因素，情緣仍在，有可能在復合。,尚可，宜再加油。,雖有挫折，但可成。宜耐心。
212211,60,節,水澤,節制，節約。,表節制之象。主是個狀況卦，吉凶未定之象。卦中所現，提醒卜卦之人，事事有過於放縱之象，尤其是在金錢方面，投資理財需節制有守為安。感情則要多留意自己的言行舉止，已有過份之態或對對方過於放縱之勢。,節，亨，苦節不可貞。,節制，亨通。但辛苦的節制不可以堅持。,節制不夠會散亂，節制太過則成苦節、吝嗇，而走向窮困。因此要注意如何取得平衡與中庸，而長遠來說，最好的節制方法還是建立制度。,以和悅之心去渡過險境，則可克難而出險道。而悅者何苦惱，陷者有悅象，故此時需要有節制為宜。,是否成就，須看自己之節制之品德，因得此卦，若女者對感情堅貞而不隨便者，可吉也，否則破。,須力求上進，不可怠忽。榜尾有名。,再待時機，成功率小。
112211,61,中孚,風澤,得人緣，孚眾望。,表誠信、實在。主吉象。若為人處事一切以誠信為重，則事事皆可順利而行。,中孚，豚魚吉，利涉大川，利貞。,內心虔誠，以豬和魚當祭品雖簡單，但吉。利於涉水渡大河，利於貞定。,中孚也是一個化險為夷之卦，吉道在於虛心、誠實，信譽。只有誠信才能真的感動人、說服人，而助你渡過危險。,如三月之春花，似錦大地，與人謀事均得利。誠者，立業之本也，若存邪曲之念則破吉運，須認清善惡。得此卦誠者佳，尤利他鄉財路。,雙方以誠相待，良緣也。,必定上榜。,有利。
221122,62,小過,小過,稍有過失。,表有志難伸、龍困淺灘，像犯了一個小的過錯般，而被處罰。主凶象。事事小有不順，有被打壓的跡象，最忌衝動犯上，必因此而埋下禍端。需沈潛、忍耐一段時間才能再有發揮的機運。,小過，亨，利貞，可小事，不可大事。飛鳥遺之音，不宜上，宜下，大吉。,小事要做得超過，亨通，利於貞定，可以做小事，不可以做大事。傳來飛鳥哀鳴的聲音，不適宜往上飛，適於往下找棲息之所，往下則大吉。,得小過卦有如在躲獵人的小鳥，靜靜不動反而是最安全的，若要動，則往樹底下、草叢中躲為吉，如果想要往上飛以逃脫獵人的追補，反而大凶。,行事不如意，宜謹守，與六親不和之象。又忠言逆耳犯上得罪人之事，反為害己之因，故凡諸事均有枝節、苦煩，不能達志耳。,擁有過，但自覺不相稱，已經不掛於心矣。,不理想。,無指望。
212121,63,既濟,水火,已經得到利益不可貪之無厭。,表水火陰陽調和，一時平安和樂之象。主吉中帶凶之象。水火本相剋，因一時環境或人事所影響，而暫時相安無事，但終非常久之象，必有所沖剋而敗。,既濟，亨小，利貞，初吉終亂。,既濟，小亨通，利於貞定。開始為吉，最後會亂。,人無遠慮，必有近憂；若只沉浸於眼前的完美狀態，則凶險不遠。,功名雙收。極盛既至，但須知物極必反，宜退守為吉，再進則凶。但得此卦者，皆有因一時順利而忘本，大意失荊州，終有人不和、心迷亂之象。,起初出雙人對，形影不離，久後反無情必散。,實力有，但需視考期之日吉凶而定，小吉。,濟急可，不宜良久。
121212,64,未濟,火水,快要獲利。,表陰陽不調和，氣血不順。主凶中帶小吉之象。人事情緒不順應是最大的影響主因。幸好此卦會有否極泰來之變化，一切均會雨過天清的。值的等待。,未濟，亨。小狐汔濟，濡其尾，?攸利。,未得救濟，亨通。小狐狸在旱季裡覓食尋水，濕了尾巴，無所利。,做任何事情之前都要小心觀察之後再做判斷，絕對不可輕舉妄動，小心被美麗外表所欺騙。,氣運不通，諸事不能如願，有初衰後盛之數。凡事要有耐心去突破難關，前途將大有可望。此時宜採取篤實的方針和毅力，能夠努力建立自己者，可名利雙收。與人共謀事者，終有大利，可為之。,剛開始時意見不能溝通，格格不入。若能試著去接受對方，可成也。,不錯，有好成績。,枉費心機，無希望，再等候時機。
